{
  "bareilly": [
    28.36678,
    79.43167
  ],
  "bikaner": [
    28.01762,
    73.31495
  ],
  "puri": [
    19.79825,
    85.82494
  ],
  "rajkot": [
    22.29161,
    70.79322
  ]
}